date,day,tithi,time,nakshatra,additional_info,paksha,temple_festivals,temple_monthly_poojas,balavihar_events,festivals
1/1/2025,Wednesday,Dvitiiya,14:54:20,U.shada,12:15:59,Shukla ,,6:00 p - Vishnu Sahasranama Puja,,
1/2/2025,Thursday,Tritiiya,13:38:38,Shravana,11:40:27,Shukla ,,,,
1/3/2025,Friday,Chaturthi,12:09:48,Dhanishta,10:51:41,Shukla ,,6:30 p - Maha Lakshmi Abhishekam,,
1/4/2025,Saturday,Panchami,10:31:20,Shatabhisha,9:53:19,Shukla ,,,,
1/5/2025,Sunday,Shashthi,8:45:35,P.Bhadrapada,8:47:43,Shukla ,,,No BalaVihar & Vedanta Classes,
1/6/2025,Monday,Ashtami,28:57:02+,U.Bhadrapada,7:36:16,Shukla ,,,,
1/7/2025,Tuesday,Navami,26:56:05+,Ashvini,28:59:26+,Shukla ,,,,
1/8/2025,Wednesday,Dashami,24:52:45+,Bharani,27:36:54+,Shukla ,,,,
1/9/2025,Thursday,Ekadashi,22:49:53,Krittika,26:15:17+,Shukla , Vaikunta Ekadashi - 10:00 a - ChimayaShripati Abhishekam,,,
1/10/2025,Friday,Dvadashi,20:51:45,Rohini,24:59:08+,Shukla ,,,,
1/11/2025,Saturday,Trayodashi,19:03:57,Mrigashirsha,23:54:21,Shukla ,,,,
1/12/2025,Sunday,Chaturdashi,17:33:10,Aardra,23:07:47,Shukla ,,,10:00 a - BalaVihar & Vedanta Classes,
1/13/2025,Monday,Purnima,16:26:38,Punarvasu,22:46:42,Shukla ,,6:30 p - SatyaNarayana Puja,,
1/14/2025,Tuesday,Prathama,15:51:25,Pushya,22:57:50,Krishna ,Makara Sankranti ,,,
1/15/2025,Wednesday,Dvitiiya,15:53:27,Aslesha,23:46:23,Krishna ,,,,
1/16/2025,Thursday,Tritiiya,16:36:24,Magha,25:14:43+,Krishna ,,6:30 p - Sankatahara Ganapati Puja,,
1/17/2025,Friday,Chaturthi,18:00:24,P.Phalguni,27:21:19+,Krishna ,,,,
1/18/2025,Saturday,Panchami,20:01:00,U.Phalguni,29:59:59+,Krishna ,,,,
1/19/2025,Sunday,Shashthi,22:28:46,Hasta, full night,Krishna ,,,10:00 a - BalaVihar & Vedanta Classes,
1/20/2025,Monday,Saptami,25:09:57+,Hasta,8:59:49,Krishna ,,,,
1/21/2025,Tuesday,Ashtami,27:48:18+,Chitra,12:06:24,Krishna ,,,,
1/22/2025,Wednesday,Navami,30:07:48+,Svaati,15:03:58,Krishna ,,,,
1/23/2025,Thursday,Dashami,full,Vishaakha,17:37:59,Krishna ,,,,
1/24/2025,Friday,Dashami,7:55:18,Anuraadha,19:37:24,Krishna ,,,,
1/25/2025,Saturday,Ekadashi,9:02:12,Jyeshtha,20:55:55,Krishna ,,,,
1/26/2025,Sunday,Dvadashi,9:25:03,Mula,21:32:02,Krishna ,,6:30 p - Pradosha Shiva Abhishekam,10:00 a - BalaVihar & Vedanta Classes,
1/27/2025,Monday,Trayodashi,9:04:56,P.shadha,21:28:20,Krishna ,,,,
1/28/2025,Tuesday,Chaturdashi,8:06:17,U.shada,20:50:19,Krishna ,,,,
1/29/2025,Wednesday,Prathama,28:40:50+,Shravana,19:45:08,Shukla ,,,,
1/30/2025,Thursday,Dvitiiya,26:29:22+,Dhanishta,18:20:34,Shukla ,,,,
1/31/2025,Friday,Tritiiya,24:08:33+,Shatabhisha,16:44:12,Shukla ,,,,
2/1/2025,Saturday,Chaturthi,21:44:42,P.Bhadrapada,15:02:50,Shukla ,,,,
2/2/2025,Sunday,Panchami,19:23:00,U.Bhadrapada,13:22:08,Shukla ,,,10:00 a - BalaVihar & Vedanta Classes,Vasantha Panchami
2/3/2025,Monday,Shashthi,17:07:26,Revati,11:46:35,Shukla ,,,,
2/4/2025,Tuesday,Saptami,15:00:59,Ashvini,10:19:25,Shukla ,,,,
2/5/2025,Wednesday,Ashtami,13:05:50,Bharani,9:03:01,Shukla ,,,,
2/6/2025,Thursday,Navami,11:23:44,Krittika,7:59:14,Shukla ,,,,
2/7/2025,Friday,Dashami,9:56:29,Rohini,7:09:48,Shukla ,,6:30 p - Maha Lakshmi Abhishekam,,
2/8/2025,Saturday,Ekadashi,8:46:12,Aardra,30:22:42+,Shukla ,,6:00 p - ChinmayaShripati Abhishekam,,
2/9/2025,Sunday,Dvadashi,7:55:31,Punarvasu,30:30:37+,Shukla ,,,10:00 a - BalaVihar & Vedanta Classes,
2/10/2025,Monday,Trayodashi,7:27:33,Pushya, full night,Shukla ,,,,
2/11/2025,Tuesday,Chaturdashi,7:25:43,Pushya,7:03:48,Shukla ,,6:30 p - SatyaNarayana Puja,,
2/12/2025,Wednesday,Purnima,7:53:08,Aslesha,8:05:16,Shukla ,,,,
2/13/2025,Thursday,Prathama,8:51:59,Magha,9:37:01,Krishna ,,,,
2/14/2025,Friday,Dvitiiya,10:22:37,P.Phalguni,11:39:12,Krishna ,,,,
2/15/2025,Saturday,Tritiiya,12:22:37,U.Phalguni,14:09:13,Krishna ,,6:30 p - Sankatahara Ganapati Puja,,
2/16/2025,Sunday,Chaturthi,14:46:09,Hasta,17:01:03,Krishna ,,,10:00 a - BalaVihar & Vedanta Classes,
2/17/2025,Monday,Panchami,17:23:38,Chitra,20:05:15,Krishna ,,,,
2/18/2025,Tuesday,Shashthi,20:02:29,Svaati,23:09:27,Krishna ,,,,
2/19/2025,Wednesday,Saptami,22:28:28,Vishaakha, 25:59:58+,Krishna ,,,,
2/20/2025,Thursday,Ashtami,24:27:52+,Anuraadha,28:23:42+,Krishna ,,,,
2/21/2025,Friday,Navami,25:49:30+,Jyeshtha, 30:10:05+,Krishna ,,,,
2/22/2025,Saturday,Dashami,26:26:09+,Mula, full night,Krishna ,,,,
2/23/2025,Sunday,Ekadashi,26:15:05+,Mula,7:12:31,Krishna ,,,10:00 a - BalaVihar & Vedanta Classes,
2/24/2025,Monday,Dvadashi,25:17:42+,P.shadha,7:28:45,Krishna ,,,,
2/25/2025,Tuesday,Trayodashi,23:38:40,U.shada,7:00:36,Krishna ,Maha Shivaratri - 10:30 a & 6:00 p - Shiva Abhishekam,,,
2/26/2025,Wednesday,Chaturdashi,21:24:52,Dhanishta,28:13:25+,Krishna ,,,,
2/27/2025,Thursday,Amavasya,18:44:33,Shatabhisha, 26:10:10+,Krishna ,,,,
2/28/2025,Friday,Prathama,15:46:30,P.Bhadrapada,23:52:24,Shukla ,,,,
3/1/2025,Saturday,Dvitiiya,12:39:34,U.Bhadrapada,21:29:08,Shukla ,Girija Kalyanam,,,
3/2/2025,Sunday,Tritiiya,9:32:15,Revati,19:08:55,Shukla ,,,10:00 a - BalaVihar & Vedanta Classes,
3/3/2025,Monday,Panchami,27:46:51+,Ashvini,16:59:29,Shukla ,,,,
3/4/2025,Tuesday,Shashthi,25:21:34+,Bharani,15:07:26,Shukla ,,,,
3/5/2025,Wednesday,Saptami,23:21:10,Krittika,13:38:07,Shukla ,,,,
3/6/2025,Thursday,Ashtami,21:48:54,Rohini,12:35:25,Shukla ,,,,
3/7/2025,Friday,Navami,20:46:45,Mrigashirsha,12:01:48,Shukla ,,Maha Lakshmi Abhishekam ,,
3/8/2025,Saturday,Dashami,20:15:30,Aardra,11:58:21,Shukla ,,,,
3/9/2025,Sunday,Ekadashi,21:14:58,Punarvasu,13:25:05,Shukla ,,Chinmaya Shripati Abhishekam,10:00 a - BalaVihar & Vedanta Classes,
3/10/2025,Monday,Dvadashi,21:44:15,Pushya,14:21:10,Shukla ,,,,
3/11/2025,Tuesday,Trayodashi,22:41:55,Aslesha,15:45:12,Shukla ,,,,
3/12/2025,Wednesday,Chaturdashi,24:06:07+,Magha,17:35:22,Shukla ,,,,
3/13/2025,Thursday,Purnima,25:54:23+,P.Phalguni,19:49:19,Shukla ,,Sri SatyaNarayana Puja,,Holi
3/14/2025,Friday,Prathama,28:03:23+,U.Phalguni,22:23:59,Krishna ,,,,
3/15/2025,Saturday,Dvitiiya,30:28:29+,Hasta,25:15:07+,Krishna ,,,,
3/16/2025,Sunday,Tritiiya,full,Chitra,28:16:53+,Krishna ,,,10:00 a - BalaVihar & Vedanta Classes,
3/17/2025,Monday,Tritiiya,9:03:18,Svaati,31:21:37+,Krishna ,,Sankatahara Ganapati Puja,,
3/18/2025,Tuesday,Chaturthi,11:39:33,Vishaakha, full night,Krishna ,,,,
3/19/2025,Wednesday,Panchami,14:07:17,Vishaakha,10:19:58,Krishna ,,,,
3/20/2025,Thursday,Shashthi,16:15:38,Anuraadha,13:01:27,Krishna ,,,,
3/21/2025,Friday,Saptami,17:54:04,Jyeshtha,15:15:37,Krishna ,,,,
3/22/2025,Saturday,Ashtami,18:53:39,Mula,16:53:22,Krishna ,,,,
3/23/2025,Sunday,Navami,19:08:19,P.shadha,17:48:08,Krishna ,,,10:00 a - BalaVihar & Vedanta Classes,
3/24/2025,Monday,Dashami,18:35:24,U.shada,17:56:40,Krishna ,,,,
3/25/2025,Tuesday,Ekadashi,17:15:41,Shravana,17:19:16,Krishna ,,,,
3/26/2025,Wednesday,Dvadashi,15:13:02,Dhanishta,15:59:29,Krishna ,,Pradosha Shiva Abhishekam,,
3/27/2025,Thursday,Trayodashi,12:33:39,Shatabhisha,14:03:28,Krishna ,,,,
3/28/2025,Friday,Chaturdashi,9:25:28,P.Bhadrapada,11:39:18,Krishna ,,,,
3/29/2025,Saturday,Prathama,26:19:32+,U.Bhadrapada,8:56:22,Shukla ,Chandramana Ugadi -,,,
3/30/2025,Sunday,Dvitiiya,22:41:17,Ashvini,27:14:45+,Shukla ,,,10:00 a - BalaVihar & Vedanta Classes,
3/31/2025,Monday,Tritiiya,19:12:33,Bharani,24:36:32+,Shukla ,,,,
4/1/2025,Tuesday,Chaturthi,16:02:37,Krittika,22:19:33,Shukla ,,,,
4/2/2025,Wednesday,Panchami,13:19:57,Rohini,20:32:09,Shukla ,,,,
4/3/2025,Thursday,Shashthi,11:11:38,Mrigashirsha,19:20:56,Shukla ,,,,
4/4/2025,Friday,Saptami,9:42:54,Aardra,18:50:17,Shukla ,,Maha Lakshmi Abhishekam,,
4/5/2025,Saturday,Ashtami,8:56:42,Punarvasu,19:01:52,Shukla ,Sri Rama Navami,,,
4/6/2025,Sunday,Navami,8:53:19,Pushya,19:54:36,Shukla ,,,10:00 a - BalaVihar & Vedanta Classes,
4/7/2025,Monday,Dashami,9:30:21,Aslesha,21:24:51,Shukla ,,,,
4/8/2025,Tuesday,Ekadashi,10:43:13,Magha,23:27:01,Shukla ,,Chinmaya Shripati Abhishekam,,
4/9/2025,Wednesday,Dvadashi,12:25:43,P.Phalguni, 25:54:25+,Shukla ,,,,
4/10/2025,Thursday,Trayodashi,14:30:54,U.Phalguni,28:40:09+,Shukla ,,,,
4/11/2025,Friday,Chaturdashi,16:51:51,Hasta,full night,Shukla ,,,,
4/12/2025,Saturday,Purnima,19:21:59,Hasta,7:37:35,Shukla ,Hanuman Jayanti,Sri Satya Narayana Puja,,
4/13/2025,Sunday,Prathama,21:55:14,Chitra,10:40:35,Krishna ,,,10:00 a - BalaVihar & Vedanta Classes,Sowramana Ugadi
4/14/2025,Monday,Dvitiiya,24:25:43+,Svaati,13:43:24,Krishna ,,,,
4/15/2025,Tuesday,Tritiiya,26:47:21+,Vishaakha,16:40:14,Krishna ,,,,
4/16/2025,Wednesday,Chaturthi,28:53:38+,Anuraadha,19:24:57,Krishna ,,Sankatahara Gnapati Puja,,
4/17/2025,Thursday,Panchami,30:37:36+,Jyeshtha,21:50:49,Krishna ,,,,
4/18/2025,Friday,Shashthi,full,Mula,23:50:50,Krishna ,,,,
4/19/2025,Saturday,Shashthi,7:52:12,P.shadha,25:18:12+,Krishna ,,,,
4/20/2025,Sunday,Saptami,8:30:59,U.shada,26:07:11+,Krishna ,,,10:00 a - BalaVihar & Vedanta Classes,
4/21/2025,Monday,Ashtami,8:28:56,Shravana,26:14:00+,Krishna ,,,,
4/22/2025,Tuesday,Navami,7:43:12,Dhanishta,25:37:26+,Krishna ,,,,
4/23/2025,Wednesday,Ekadashi,28:02:28+,Shatabhisha,24:19:05+,Krishna ,,,,
4/24/2025,Thursday,Dvadashi,25:14:55+,P.Bhadrapada,22:23:20,Krishna ,,,,
4/25/2025,Friday,Trayodashi,21:57:53,U.Bhadrapada,19:56:58,Krishna ,,Pradosha Shiva Abhishekam,,
4/26/2025,Saturday,Chaturdashi,18:19:57,Revati,17:08:40,Krishna ,,,,
4/27/2025,Sunday,Amavasya,14:30:53,Ashvini,14:08:31,Krishna ,,,10:00 a - BalaVihar & Vedanta Classes,
4/28/2025,Monday,Prathama,10:41:05,Bharani,11:07:28,Shukla ,,,,
4/29/2025,Tuesday,Dvitiiya,7:01:19,Krittika,8:16:50,Shukla ,,,,Akshaya Tritiya
4/30/2025,Wednesday,Chaturthi,24:53:51+,Mrigashirsha,27:50:34+,Shukla ,,,,
5/1/2025,Thursday,Panchami,22:44:55,Aardra,26:33:53+,Shukla ,,,,
5/2/2025,Friday,Shashthi,21:22:07,Punarvasu,26:03:53+,Shukla ,,Maha Lakshmi Abhishekam,,
5/3/2025,Saturday,Saptami,20:49:07,Pushya,26:23:19+,Shukla ,,,,
5/4/2025,Sunday,Ashtami,21:06:00,Aslesha,27:31:00+,Shukla ,,,Gita Chanting Compitition,
5/5/2025,Monday,Navami,22:08:48,Magha,29:21:42+,Shukla ,,,,
5/6/2025,Tuesday,Dashami,23:50:00,P.Phalguni,full night,Shukla ,,,,
5/7/2025,Wednesday,Ekadashi,25:59:31+,P.Phalguni,7:46:56,Shukla ,,Chinmaya Shripati Abhishekam,,
5/8/2025,Thursday,Dvadashi,28:26:23+,U.Phalguni,10:36:15,Shukla ,,,Chinmaya Jayanti,
5/9/2025,Friday,Trayodashi,full,Hasta,13:38:51,Shukla ,,,,
5/10/2025,Saturday,Trayodashi,7:00:10,Chitra,16:45:03,Shukla ,,,,
5/11/2025,Sunday,Chaturdashi,9:32:08,Svaati,19:47:01,Shukla ,,SatyaNarayana Puja,Chinmaya Jayanti & Mother's Day,
5/12/2025,Monday,Purnima,11:55:40,Vishaakha,22:39:01,Shukla ,,,,Buddha Purnima
5/13/2025,Tuesday,Prathama,14:05:57,Anuraadha,25:16:54+,Krishna ,,,,
5/14/2025,Wednesday,Dvitiiya,15:59:28,Jyeshtha,27:37:24+,Krishna ,,,,
5/15/2025,Thursday,Tritiiya,17:33:08,Mula,29:37:28+,Krishna ,,Sankatahara ganapati Puja,,
5/16/2025,Friday,Chaturthi,18:43:48,P.shadha,full night,Krishna ,,,,
5/17/2025,Saturday,Panchami,19:27:58,P.shadha,7:13:44,Krishna ,,,,
5/18/2025,Sunday,Shashthi,19:41:52,U.shada,8:22:24,Krishna ,,,10:00 a - BalaVihar & Vedanta Classes,
5/19/2025,Monday,Saptami,19:21:58,Shravana,8:59:39,Krishna ,,,,
5/20/2025,Tuesday,Ashtami,18:25:43,Dhanishta,9:02:09,Krishna ,,,,
5/21/2025,Wednesday,Navami,16:52:09,Shatabhisha,8:27:57,Krishna ,,,,
5/22/2025,Thursday,Dashami,14:42:25,P.Bhadrapada,7:17:09,Krishna ,,,,
5/23/2025,Friday,Ekadashi,11:59:58,Revati,27:18:08+,Krishna ,,,,
5/24/2025,Saturday,Dvadashi,8:50:27,Ashvini,24:42:11+,Krishna ,,Pradosha Shiva Abhishekam,,
5/25/2025,Sunday,Chaturdashi,25:41:54+,Bharani,21:53:28,Krishna ,,,10:00 a - BalaVihar & Vedanta Classes - Last Class,
5/26/2025,Monday,Amavasya,22:02:04,Krittika,19:02:27,Krishna ,,,,
5/27/2025,Tuesday,Prathama,18:32:41,Rohini,16:20:25,Shukla ,,,,
5/28/2025,Wednesday,Dvitiiya,15:24:37,Mrigashirsha,13:58:48,Shukla ,,,,
5/29/2025,Thursday,Tritiiya,12:48:19,Aardra,12:08:30,Shukla ,,,,
5/30/2025,Friday,Chaturthi,10:52:57,Punarvasu,10:58:57,Shukla ,,,,
5/31/2025,Saturday,Panchami,9:45:32,Pushya,10:37:05,Shukla ,,,,
6/1/2025,Sunday,Shashthi,9:29:47,Aslesha,11:06:16,Shukla ,,,No BalaVihar & Vedanta Classes,
6/2/2025,Monday,Saptami,10:05:13,Magha,12:25:22,Shukla ,,,,
6/3/2025,Tuesday,Ashtami,11:26:38,P.Phalguni,14:28:27,Shukla ,,,,
6/4/2025,Wednesday,Navami,13:24:29,U.Phalguni,17:05:26,Shukla ,,,,
6/5/2025,Thursday,Dashami,15:46:12,Hasta,20:03:34,Shukla ,,,,
6/6/2025,Friday,Ekadashi,18:18:14,Chitra,23:09:36,Shukla ,,Chinmaya Shripati Abhishekam,,
6/7/2025,Saturday,Dvadashi,20:48:10,Svaati,26:11:45+,Shukla ,,,,
6/8/2025,Sunday,Trayodashi,23:06:13,Vishaakha,29:01:00+,Shukla ,,,,
6/9/2025,Monday,Chaturdashi,25:05:51+,Anuraadha,full night,Shukla ,,,,
6/10/2025,Tuesday,Purnima,26:43:34+,Anuraadha,7:31:35,Shukla ,,Sri SatyaNarayana Puja,,
6/11/2025,Wednesday,Prathama,27:58:01+,Jyeshtha,9:40:33,Krishna ,,,,
6/12/2025,Thursday,Dvitiiya,28:49:07+,Mula,11:26:54,Krishna ,,,,
6/13/2025,Friday,Tritiiya,29:17:00+,P.shadha,12:50:36,Krishna ,,,,
6/14/2025,Saturday,Chaturthi,29:21:32+,U.shada,13:51:41,Krishna ,,Sankatahara Ganapati Puja,,
6/15/2025,Sunday,Panchami,29:01:53+,Shravana,14:29:39,Krishna ,,,,
6/16/2025,Monday,Shashthi,28:16:49+,Dhanishta,14:43:26,Krishna ,,,,
6/17/2025,Tuesday,Saptami,27:05:01+,Shatabhisha,14:31:32,Krishna ,,,,
6/18/2025,Wednesday,Ashtami,25:25:48+,P.Bhadrapada,13:52:44,Krishna ,,,,
6/19/2025,Thursday,Navami,23:19:42,U.Bhadrapada,12:46:41,Krishna ,,,,
6/20/2025,Friday,Dashami,20:49:00,Revati,11:14:43,Krishna ,,,,
6/21/2025,Saturday,Ekadashi,17:57:51,Ashvini,9:20:07,Krishna ,,,,
6/22/2025,Sunday,Dvadashi,14:52:17,Bharani,7:08:17,Krishna ,,Pradosha Shiva Abhishekam,,
6/23/2025,Monday,Trayodashi,11:39:56,Rohini,26:23:58+,Krishna ,,,,
6/24/2025,Tuesday,Chaturdashi,8:29:43,Mrigashirsha,24:10:24+,Krishna ,,,,
6/25/2025,Wednesday,Prathama,26:54:46+,Aardra,22:16:16,Shukla ,,,,
6/26/2025,Thursday,Dvitiiya,24:49:36+,Punarvasu,20:51:40,Shukla ,,,,Jaganath Ratha Yatra
6/27/2025,Friday,Tritiiya,23:24:13,Pushya,20:05:24,Shukla ,,MahaLakshmi Abhishekam,,
6/28/2025,Saturday,Chaturthi,22:44:46,Aslesha,20:04:00,Shukla ,,,,
6/29/2025,Sunday,Panchami,22:54:09,Magha,20:50:31,Shukla ,,,,
6/30/2025,Monday,Shashthi,23:50:53,P.Phalguni,22:23:37,Shukla ,,,,
7/1/2025,Tuesday,Saptami,25:28:45+,U.Phalguni,24:37:06+,Shukla ,,,,
7/2/2025,Wednesday,Ashtami,27:37:03+,Hasta,27:20:21+,Shukla ,,,,
7/3/2025,Thursday,Navami,30:02:03+,Chitra,30:19:48+,Shukla ,,,,
7/4/2025,Friday,Dashami,full,Svaati,full night,Shukla ,,,,
7/5/2025,Saturday,Dashami,8:29:10,Svaati,9:21:10,Shukla ,,Chinmaya Shripati Abhishekam,,
7/6/2025,Sunday,Ekadashi,10:45:18,Vishaakha,12:11:37,Shukla ,,,,
7/7/2025,Monday,Dvadashi,12:40:28,Anuraadha,14:41:29,Shukla ,,,,
7/8/2025,Tuesday,Trayodashi,14:08:35,Jyeshtha,16:44:54,Shukla ,,,,
7/9/2025,Wednesday,Chaturdashi,15:07:09,Mula,18:19:34,Shukla ,,Sri SatyaNarayana Puja,,
7/10/2025,Thursday,Purnima,15:36:31,P.shadha,19:25:55,Shukla ,Guru Punima ,,,
7/11/2025,Friday,Prathama,15:38:43,U.shada,20:06:04,Krishna ,,,,
7/12/2025,Saturday,Dvitiiya,15:16:35,Shravana,20:22:47,Krishna ,,,,
7/13/2025,Sunday,Tritiiya,14:32:53,Dhanishta,20:18:46,Krishna ,,Sankatahara Ganapati Puja,,
7/14/2025,Monday,Chaturthi,13:29:55,Shatabhisha,19:56:07,Krishna ,,,,
7/15/2025,Tuesday,Panchami,12:09:18,P.Bhadrapada,19:16:16,Krishna ,,,,
7/16/2025,Wednesday,Shashthi,10:32:08,U.Bhadrapada,18:20:12,Krishna ,,,,
7/17/2025,Thursday,Saptami,8:39:19,Revati,17:08:51,Krishna ,,,,
7/18/2025,Friday,Ashtami,6:32:03,Ashvini,15:43:42,Krishna ,,,,
7/19/2025,Saturday,Dashami,25:43:14+,Bharani,14:07:13,Krishna ,,,,
7/20/2025,Sunday,Ekadashi,23:09:09,Krittika,12:23:09,Krishna ,,,,
7/21/2025,Monday,Dvadashi,20:35:47,Rohini,10:36:46,Krishna ,,Pradosha Shiva Puja,,
7/22/2025,Tuesday,Trayodashi,18:09:52,Mrigashirsha,8:54:36,Krishna ,,,,
7/23/2025,Wednesday,Chaturdashi,15:58:59,Aardra,7:24:10,Krishna ,,,,
7/24/2025,Thursday,Amavasya,14:10:55,Pushya,29:30:27+,Krishna ,,,,
7/25/2025,Friday,Prathama,12:53:11,Aslesha,29:21:56+,Shukla ,,MahaLakshmi Abhishekam,,
7/26/2025,Saturday,Dvitiiya,12:12:10,Magha,29:52:53+,Shukla ,,,,
7/27/2025,Sunday,Tritiiya,12:12:13,P.Phalguni,full night,Shukla ,,,,
7/28/2025,Monday,Chaturthi,12:54:38,P.Phalguni,7:05:18,Shukla ,,,,
7/29/2025,Tuesday,Panchami,14:16:49,U.Phalguni,8:57:20,Shukla ,,,,Naga Panchami
7/30/2025,Wednesday,Shashthi,16:11:49,Hasta,11:22:49,Shukla ,,,,
7/31/2025,Thursday,Saptami,18:28:39,Chitra,14:11:30,Shukla ,,,,
8/1/2025,Friday,Ashtami,20:53:39,Svaati,17:10:13,Shukla ,,,,
8/2/2025,Saturday,Navami,23:12:23,Vishaakha,20:04:48,Shukla ,,,,
8/3/2025,Sunday,Dashami,25:11:56+,Anuraadha,22:42:18,Shukla ,,,,
8/4/2025,Monday,Ekadashi,26:42:36+,Jyeshtha,24:52:39+,Shukla ,,Chinmaya Shripati Abhishekam,,
8/5/2025,Tuesday,Dvadashi,27:38:36+,Mula,26:29:39+,Shukla ,,,,
8/6/2025,Wednesday,Trayodashi,27:58:05+,P.shadha,27:31:03+,Shukla ,,,,
8/7/2025,Thursday,Chaturdashi,27:42:19+,U.shada,27:57:51+,Shukla ,,,,
8/8/2025,Friday,Purnima,26:54:47+,Shravana,27:53:23+,Shukla ,Vara Lakshmi Puja,,,Raksha Bhandan
8/9/2025,Saturday,Prathama,25:40:16+,Dhanishta,27:22:23+,Krishna ,,,,
8/10/2025,Sunday,Dvitiiya,24:03:58+,Shatabhisha,26:30:07+,Krishna ,,,10:00 a - BalaVihar & Vedanta Classes,
8/11/2025,Monday,Tritiiya,22:11:04,P.Bhadrapada,25:21:49+,Krishna ,,,,
8/12/2025,Tuesday,Chaturthi,20:06:19,U.Bhadrapada,24:02:16+,Krishna ,,Sankatahara Ganapati Puja,,
8/13/2025,Wednesday,Panchami,17:53:53,Revati,22:35:42,Krishna ,,,,
8/14/2025,Thursday,Shashthi,15:37:23,Ashvini,21:05:45,Krishna ,,,,
8/15/2025,Friday,Saptami,13:20:02,Bharani,19:35:39,Krishna ,,,,
8/16/2025,Saturday,Ashtami,11:04:46,Krittika,18:08:28,Krishna ,Sri Krishna Janmashtami,,,
8/17/2025,Sunday,Navami,8:54:36,Rohini,16:47:20,Krishna ,,,10:00 a - BalaVihar & Vedanta Classes,
8/18/2025,Monday,Dashami,6:52:45,Mrigashirsha,15:35:43,Krishna ,,,,
8/19/2025,Tuesday,Dvadashi,27:28:48+,Aardra,14:37:27,Krishna ,,,,
8/20/2025,Wednesday,Trayodashi,26:15:06+,Punarvasu,13:56:50,Krishna ,,Pradosha Shiva Puja,,
8/21/2025,Thursday,Chaturdashi,25:26:12+,Pushya,13:38:20,Krishna ,,,,
8/22/2025,Friday,Amavasya,25:06:16+,Aslesha,13:46:21,Krishna ,,,,
8/23/2025,Saturday,Prathama,25:18:37+,Magha,14:24:37,Shukla ,,,,
8/24/2025,Sunday,Dvitiiya,26:05:01+,P.Phalguni,15:35:33,Shukla ,,Sri SatyaNarayana Puja,10:00 a - BalaVihar & Vedanta Classes,
8/25/2025,Monday,Tritiiya,27:24:54+,U.Phalguni,17:19:31,Shukla ,,,,
8/26/2025,Tuesday,Chaturthi,29:14:38+,Hasta,19:34:03,Shukla ,Sri Ganesha Chaturthi,,,
8/27/2025,Wednesday,Panchami,full,Chitra,22:13:21,Shukla ,,,,
8/28/2025,Thursday,Panchami,7:27:09,Svaati,25:08:19+,Shukla ,,,,
8/29/2025,Friday,Shashthi,9:52:06,Vishaakha,28:07:10+,Shukla ,,,,
8/30/2025,Saturday,Saptami,12:16:51,Anuraadha,full night,Shukla ,,,,
8/31/2025,Sunday,Ashtami,14:27:57,Anuraadha,6:56:51,Shukla ,,,No  BalaVihar & Vedanta Classes,
9/1/2025,Monday,Navami,16:13:13,Jyeshtha,9:24:51,Shukla ,,,,
9/2/2025,Tuesday,Dashami,17:23:11,Mula,11:20:53,Shukla ,,,,
9/3/2025,Wednesday,Ekadashi,17:52:10,P.shadha,12:38:08,Shukla ,,Chinmaya Shripati Abhishekam,,
9/4/2025,Thursday,Dvadashi,17:38:21,U.shada,13:13:40,Shukla ,,,,
9/5/2025,Friday,Trayodashi,16:43:20,Shravana,13:08:13,Shukla ,,,,
9/6/2025,Saturday,Chaturdashi,15:11:24,Dhanishta,12:25:26,Shukla ,,,,
9/7/2025,Sunday,Purnima,13:08:37,Shatabhisha,11:11:07,Shukla ,,Sri SatyaNarayana Puja,10:00 a - BalaVihar & Vedanta Classes,Pitru paksha begins
9/8/2025,Monday,Prathama,10:42:05,P.Bhadrapada,9:32:25,Krishna ,,,,
9/9/2025,Tuesday,Dvitiiya,7:59:23,U.Bhadrapada,7:37:04,Krishna ,,,,
9/10/2025,Wednesday,Chaturthi,26:15:44+,Ashvini,27:27:47+,Krishna ,,Sankatahara Ganapati Puja,,
9/11/2025,Thursday,Panchami,23:28:50,Bharani,25:28:26+,Krishna ,,,,
9/12/2025,Friday,Shashthi,20:53:26,Krittika,23:41:04,Krishna ,,,,
9/13/2025,Saturday,Saptami,18:34:36,Rohini,22:10:46,Krishna ,,,,
9/14/2025,Sunday,Ashtami,16:36:18,Mrigashirsha,21:01:26,Krishna ,,,10:00 a - BalaVihar & Vedanta Classes,
9/15/2025,Monday,Navami,15:01:33,Aardra,20:15:52,Krishna ,,,,
9/16/2025,Tuesday,Dashami,13:52:20,Punarvasu,19:55:49,Krishna ,,,,
9/17/2025,Wednesday,Ekadashi,13:09:52,Pushya,20:02:13,Krishna ,,,,
9/18/2025,Thursday,Dvadashi,12:54:45,Aslesha,20:35:27,Krishna ,,Pradosha Shiva Puja,,
9/19/2025,Friday,Trayodashi,13:07:12,Magha,21:35:29,Krishna ,,,,
9/20/2025,Saturday,Chaturdashi,13:47:04,P.Phalguni,23:01:57,Krishna ,,,,
9/21/2025,Sunday,Amavasya,14:53:51,U.Phalguni,24:53:59+,Krishna ,,,10:00 a - BalaVihar & Vedanta Classes,Sarva Pitru Amavasya
9/22/2025,Monday,Prathama,16:26:14,Hasta,27:09:50+,Shukla ,Sharad navarati - Kalasha Stapana,,,
9/23/2025,Tuesday,Dvitiiya,18:21:48,Chitra,29:46:21+,Shukla ,,,,
9/24/2025,Wednesday,Tritiiya,20:36:19,Svaati,full night,Shukla ,,,,
9/25/2025,Thursday,Chaturthi,23:03:18,Svaati,8:38:29,Shukla ,,,,
9/26/2025,Friday,Panchami,25:33:56+,Vishaakha,11:38:52,Shukla ,,MahaLakshmi Abhishekam,,
9/27/2025,Saturday,Shashthi,27:57:24+,Anuraadha,14:37:56,Shukla ,,,,
9/28/2025,Sunday,Saptami,30:01:57+,Jyeshtha,17:24:35,Shukla ,Saraswati Puja,,10:00 a - BalaVihar & Vedanta Classes,
9/29/2025,Monday,Ashtami,full,Mula,19:47:22,Shukla ,Durga ashtmai,,,
9/30/2025,Tuesday,Ashtami,7:36:20,P.shadha,21:36:05,Shukla ,,,,
10/1/2025,Wednesday,Navami,8:31:24,U.shada,22:43:04,Shukla ,Vijaya Dashami - Temple Anniversary,Chinmaya Shripati Abhishekam,,
10/2/2025,Thursday,Dashami,8:41:11,Shravana,23:04:12,Shukla ,,,,
10/3/2025,Friday,Ekadashi,8:03:28,Dhanishta,22:39:09,Shukla ,,,,
10/4/2025,Saturday,Trayodashi,28:34:14+,Shatabhisha,21:31:03,Shukla ,Shripati Kalyanam,,,
10/5/2025,Sunday,Chaturdashi,25:53:59+,P.Bhadrapada,19:45:51,Shukla ,,,10:00 a - BalaVihar & Vedanta Classes,
10/6/2025,Monday,Purnima,22:47:20,U.Bhadrapada,17:31:38,Shukla ,,Sri SatyaNarayana Puja,,
10/7/2025,Tuesday,Prathama,19:23:39,Revati,14:57:51,Krishna ,,,,
10/8/2025,Wednesday,Dvitiiya,15:52:48,Ashvini,12:14:39,Krishna ,,,,
10/9/2025,Thursday,Tritiiya,12:24:40,Bharani,9:32:22,Krishna ,,Sankatahara Ganapati Puja,,Karwa Chauth
10/10/2025,Friday,Chaturthi,9:08:44,Rohini,28:49:48+,Krishna ,,,,
10/11/2025,Saturday,Shashthi,27:47:09+,Mrigashirsha,27:06:24+,Krishna ,,,,
10/12/2025,Sunday,Saptami,25:54:39+,Aardra,25:56:42+,Krishna ,,,10:00 a - BalaVihar & Vedanta Classes,
10/13/2025,Monday,Ashtami,24:39:51+,Punarvasu,25:24:09+,Krishna ,,,,
10/14/2025,Tuesday,Navami,24:03:58+,Pushya,25:29:43+,Krishna ,,,,
10/15/2025,Wednesday,Dashami,24:05:51+,Aslesha, 26:11:56+,Krishna ,,,,
10/16/2025,Thursday,Ekadashi,24:42:26+,Magha, 27:27:22+,Krishna ,,,,
10/17/2025,Friday,Dvadashi,25:49:24+,P.Phalguni,29:11:31+,Krishna ,,,,
10/18/2025,Saturday,Trayodashi,27:21:53+,U.Phalguni,31:19:28+,Krishna ,,Pradosha Shiva Puja,,
10/19/2025,Sunday,Chaturdashi,29:15:10+,Hasta, full night,Krishna ,,,10:00 a - BalaVihar & Vedanta Classes,
10/20/2025,Monday,Amavasya,full,Hasta,9:46:33,Krishna ,Deepavali - Lakshmi Puja,,,
10/21/2025,Tuesday,Amavasya,7:24:53,Chitra,12:28:33,Krishna ,,,,
10/22/2025,Wednesday,Prathama,9:46:56,Svaati,15:21:25,Shukla ,,,,
10/23/2025,Thursday,Dvitiiya,12:16:58,Vishaakha,18:20:49,Shukla ,,,,
10/24/2025,Friday,Tritiiya,14:49:43,Anuraadha,21:21:25,Shukla ,,,,
10/25/2025,Saturday,Chaturthi,17:18:32,Jyeshtha,24:16:23+,Shukla ,,,,
10/26/2025,Sunday,Panchami,19:35:07,Mula,26:57:22+,Shukla ,,,10:00 a - BalaVihar & Vedanta Classes,
10/27/2025,Monday,Shashthi,21:29:59,P.shadha,29:14:54+,Shukla ,Skanda Shashti,,,Chhath Puja
10/28/2025,Tuesday,Saptami,22:53:23,U.shada,30:59:35+,Shukla ,,,,
10/29/2025,Wednesday,Ashtami,23:36:45,Shravana,full night,Shukla ,,,,
10/30/2025,Thursday,Navami,23:33:53,Shravana,8:03:23,Shukla ,,,,
10/31/2025,Friday,Dashami,22:41:59,Dhanishta,8:20:57,Shukla ,,,,
11/1/2025,Saturday,Ekadashi,21:01:49,Shatabhisha,7:50:23,Shukla ,,Chinmaya Shripati Abhishekam,,
11/2/2025,Sunday,Dvadashi,17:37:33,U.Bhadrapada,27:35:30+,Shukla ,,,10:00 a - BalaVihar & Vedanta Classes,
11/3/2025,Monday,Trayodashi,14:36:07,Revati,25:04:21+,Shukla ,,,,
11/4/2025,Tuesday,Chaturdashi,11:06:29,Ashvini,22:10:02,Shukla ,,Shri SatyaNarayana Puja,,
11/5/2025,Wednesday,Purnima,7:19:01,Bharani,19:03:48,Shukla ,,,,
11/6/2025,Thursday,Dvitiiya,23:35:33,Krittika,15:57:33,Krishna ,,,,
11/7/2025,Friday,Tritiiya,20:02:19,Rohini,13:03:14,Krishna ,,,,
11/8/2025,Saturday,Chaturthi,16:55:50,Mrigashirsha,10:32:11,Krishna ,,Sankatahara Ganapati Puja,,
11/9/2025,Sunday,Panchami,14:25:26,Aardra,8:34:27,Krishna ,,,10:00 a - BalaVihar & Vedanta Classes,
11/10/2025,Monday,Shashthi,12:38:22,Punarvasu,7:17:58,Krishna ,,,,
11/11/2025,Tuesday,Saptami,11:39:06,Pushya,6:47:44,Krishna ,,,,
11/12/2025,Wednesday,Ashtami,11:28:38,Aslesha,7:05:11,Krishna ,,,,
11/13/2025,Thursday,Navami,12:04:16,Magha,8:07:58,Krishna ,,,,
11/14/2025,Friday,Dashami,13:19:59,P.Phalguni,9:50:21,Krishna ,,,,
11/15/2025,Saturday,Ekadashi,15:07:33,U.Phalguni,12:04:14,Krishna ,,,,
11/16/2025,Sunday,Dvadashi,17:17:50,Hasta,14:40:42,Krishna ,,,10:00 a - BalaVihar & Vedanta Classes,
11/17/2025,Monday,Trayodashi,19:42:18,Chitra,17:31:18,Krishna ,,Pradosha Shiva Puja,,
11/18/2025,Tuesday,Chaturdashi,22:13:50,Svaati,20:29:01,Krishna ,,,,
11/19/2025,Wednesday,Amavasya,24:46:59+,Vishaakha,23:28:29,Krishna ,,,,
11/20/2025,Thursday,Prathama,27:17:29+,Anuraadha,26:25:35+,Shukla ,,,,
11/21/2025,Friday,Dvitiiya,29:41:34+,Jyeshtha,29:16:39+,Shukla ,,,,
11/22/2025,Saturday,Tritiiya,full,Mula,full night,Shukla ,,,,
11/23/2025,Sunday,Tritiiya,7:54:58,Mula,7:57:38,Shukla ,,,No BalaVihar & Vedanta Classes,
11/24/2025,Monday,Chaturthi,9:52:23,P.shadha,10:23:21,Shukla ,,,,
11/25/2025,Tuesday,Panchami,11:27:14,U.shada,12:27:25,Shukla ,,,,
11/26/2025,Wednesday,Shashthi,12:32:13,Shravana,14:02:35,Shukla ,,,,
11/27/2025,Thursday,Saptami,13:00:13,Dhanishta,15:01:48,Shukla ,,,,
11/28/2025,Friday,Ashtami,12:45:37,Shatabhisha,15:19:23,Shukla ,,,,
11/29/2025,Saturday,Navami,11:45:19,P.Bhadrapada,14:52:15,Shukla ,,,,
11/30/2025,Sunday,Dashami,9:59:26,U.Bhadrapada,13:40:37,Shukla ,Bhagavad Gita Jayanti,,10:00 a - BalaVihar & Vedanta Classes,
12/1/2025,Monday,Ekadashi,7:31:22,Revati,11:48:06,Shukla ,,Chinmaya Shripati Abhishekam,,
12/2/2025,Tuesday,Trayodashi,24:56:07+,Ashvini,9:21:24,Shukla ,,,,
12/3/2025,Wednesday,Chaturdashi,21:07:49,Krittika,27:23:54+,Shukla ,,,,
12/4/2025,Thursday,Purnima,17:13:47,Rohini,24:16:00+,Shukla ,Dattatreya Jayanti,Sri SatyaNarayana Puja,,
12/5/2025,Friday,Prathama,13:25:51,Mrigashirsha,21:18:23,Krishna ,,,,
12/6/2025,Saturday,Dvitiiya,9:55:51,Aardra,18:43:10,Krishna ,,,,
12/7/2025,Sunday,Chaturthi,28:33:32+,Punarvasu,16:41:27,Krishna ,,Sankatahara Ganapati Puja,Gita Jayanti Celebration,
12/8/2025,Monday,Panchami,26:59:09+,Pushya,15:22:27,Krishna ,,,,
12/9/2025,Tuesday,Shashthi,26:16:47+,Aslesha,14:52:29,Krishna ,,,,
12/10/2025,Wednesday,Saptami,26:27:17+,Magha,15:14:05,Krishna ,,,,
12/11/2025,Thursday,Ashtami,27:27:02+,P.Phalguni,16:25:20,Krishna ,,,,
12/12/2025,Friday,Navami,29:08:12+,U.Phalguni,18:19:56,Krishna ,,,,
12/13/2025,Saturday,Dashami,full,Hasta,20:48:09,Krishna ,,,,
12/14/2025,Sunday,Dashami,7:19:58,Chitra,23:38:25,Krishna ,,,10:00 a - BalaVihar & Vedanta Classes,
12/15/2025,Monday,Ekadashi,9:50:13,Svaati,26:39:20+,Krishna ,,,,
12/16/2025,Tuesday,Dvadashi,12:27:36,Vishaakha,29:41:08+,Krishna ,,Pradosha Shiva Puja,,
12/17/2025,Wednesday,Trayodashi,15:02:52,Anuraadha,full night,Krishna ,,,,
12/18/2025,Thursday,Chaturdashi,17:29:24,Anuraadha,8:36:35,Krishna ,,,,
12/19/2025,Friday,Amavasya,19:43:03,Jyeshtha,11:20:57,Krishna ,,,,
12/20/2025,Saturday,Prathama,21:41:15,Mula,13:51:21,Shukla ,,,,
12/21/2025,Sunday,Dvitiiya,23:22:00,P.shadha,16:05:43,Shukla ,,,10:00 a - BalaVihar & Vedanta Classes,
12/22/2025,Monday,Tritiiya,24:43:02+,U.shada,18:02:00,Shukla ,,,,
12/23/2025,Tuesday,Chaturthi,25:41:18+,Shravana,19:37:22,Shukla ,,,,
12/24/2025,Wednesday,Panchami,26:12:56+,Dhanishta,20:48:09,Shukla ,,,,
12/25/2025,Thursday,Shashthi,26:13:45+,Shatabhisha,21:30:09,Shukla ,,,,
12/26/2025,Friday,Saptami,25:40:06+,P.Bhadrapada,21:39:22,Shukla ,,Maha Lakshmi Abhishekam,,
12/27/2025,Saturday,Ashtami,24:29:44+,U.Bhadrapada,21:13:06,Shukla ,,,,
12/28/2025,Sunday,Navami,22:42:39,Revati,20:10:41,Shukla ,,,No  BalaVihar & Vedanta Classes,
12/29/2025,Monday,Dashami,20:21:19,Ashvini,18:34:07,Shukla ,,,,
12/30/2025,Tuesday,Ekadashi,17:30:46,Bharani,16:28:06,Shukla ,Vaikuntha Ekadashi,,,
12/31/2025,Wednesday,Dvadashi,14:18:11,Krittika,13:59:44,Shukla ,,,,